Workbook
Name Slicer_Category: #N/A
Name Slicer_month: #N/A
Name Slicer_Region: #N/A

Sheet salesdata
A1: Order ID | B1: Order Date | C1: Customer | D1: Region | E1: State | F1: Category | G1: Sub Category | H1: Product | I1: Sales | J1: Profit | K1: Quantity | L1: month | M1: Year | N1: profit2
A2: 1011 | B2: 45681 | C2: Karan | D2: North | E2: Haryana | F2: Technology | G2: Mouse | H2: Logitech Mouse | I2: 1200 | J2: 250 | K2: 3 | L2: =TEXT(Table1[[#This Row],[Order Date]],"mmm") -> Jan | M2: =YEAR(B2) -> 2025 | N2: =J2/I2 -> 0.20833333
A3: 1012 | B3: 45682 | C3: Meera | D3: South | E3: Karnataka | F3: Furniture | G3: Chair | H3: Plastic Chair | I3: 2500 | J3: 500 | K3: 2 | L3: =TEXT(Table1[[#This Row],[Order Date]],"mmm") -> Jan | M3: =YEAR(B3) -> 2025 | N3: =J3/I3 -> 0.2
A4: 1013 | B4: 45683 | C4: Vikram | D4: West | E4: Maharashtra | F4: Office Supplies | G4: File | H4: Office File | I4: 600 | J4: 120 | K4: 8 | L4: =TEXT(Table1[[#This Row],[Order Date]],"mmm") -> Jan | M4: =YEAR(B4) -> 2025 | N4: =J4/I4 -> 0.2
A5: 1014 | B5: 45684 | C5: Sneha | D5: East | E5: Assam | F5: Technology | G5: Tablet | H5: Lenovo Tablet | I5: 22000 | J5: 3500 | K5: 1 | L5: =TEXT(Table1[[#This Row],[Order Date]],"mmm") -> Jan | M5: =YEAR(B5) -> 2025 | N5: =J5/I5 -> 0.15909091
A6: 1015 | B6: 45685 | C6: Rohan | D6: South | E6: Kerala | F6: Furniture | G6: Bed | H6: Queen Bed | I6: 28000 | J6: 5500 | K6: 1 | L6: =TEXT(Table1[[#This Row],[Order Date]],"mmm") -> Jan | M6: =YEAR(B6) -> 2025 | N6: =J6/I6 -> 0.19642857
A7: 1016 | B7: 45686 | C7: Anjali | D7: North | E7: Delhi | F7: Office Supplies | G7: Marker | H7: Whiteboard Marker | I7: 900 | J7: 180 | K7: 12 | L7: =TEXT(Table1[[#This Row],[Order Date]],"mmm") -> Jan | M7: =YEAR(B7) -> 2025 | N7: =J7/I7 -> 0.2
A8: 1017 | B8: 45687 | C8: Imran | D8: West | E8: Gujarat | F8: Technology | G8: Keyboard | H8: Mechanical Keyboard | I8: 4500 | J8: 850 | K8: 2 | L8: =TEXT(Table1[[#This Row],[Order Date]],"mmm") -> Jan | M8: =YEAR(B8) -> 2025 | N8: =J8/I8 -> 0.18888889
A9: 1018 | B9: 45688 | C9: Pooja | D9: East | E9: Bihar | F9: Furniture | G9: Table | H9: Dining Table | I9: 18000 | J9: 3200 | K9: 1 | L9: =TEXT(Table1[[#This Row],[Order Date]],"mmm") -> Jan | M9: =YEAR(B9) -> 2025 | N9: =J9/I9 -> 0.17777778
A10: 1019 | B10: 45689 | C10: Aman | D10: South | E10: Tamil Nadu | F10: Technology | G10: Printer | H10: HP Printer | I10: 14000 | J10: 2500 | K10: 1 | L10: =TEXT(Table1[[#This Row],[Order Date]],"mmm") -> Feb | M10: =YEAR(B10) -> 2025 | N10: =J10/I10 -> 0.17857143
A11: 1020 | B11: 45690 | C11: Kavya | D11: North | E11: Uttar Pradesh | F11: Office Supplies | G11: Stapler | H11: Stapler | I11: 700 | J11: 150 | K11: 5 | L11: =TEXT(Table1[[#This Row],[Order Date]],"mmm") -> Feb | M11: =YEAR(B11) -> 2025 | N11: =J11/I11 -> 0.21428571
A12: 1021 | B12: 45691 | C12: Nikhil | D12: West | E12: Rajasthan | F12: Furniture | G12: Shelf | H12: Wooden Shelf | I12: 9500 | J12: 1900 | K12: 1 | L12: =TEXT(Table1[[#This Row],[Order Date]],"mmm") -> Feb | M12: =YEAR(B12) -> 2025 | N12: =J12/I12 -> 0.2
A13: 1022 | B13: 45692 | C13: Zara | D13: South | E13: Telangana | F13: Technology | G13: Smartwatch | H13: Noise Watch | I13: 5500 | J13: 900 | K13: 2 | L13: =TEXT(Table1[[#This Row],[Order Date]],"mmm") -> Feb | M13: =YEAR(B13) -> 2025 | N13: =J13/I13 -> 0.16363636
... A51: 1060 | B51: 45730 | C51: Aarti | D51: East | E51: Assam | F51: Technology | G51: Tablet | H51: Samsung Tablet | I51: 26000 | J51: 4300 | K51: 1 | L51: =TEXT(Table1[[#This Row],[Order Date]],"mmm") -> Mar | M51: =YEAR(B51) -> 2025 | N51: =J51/I51 -> 0.16538462

Sheet dashboard
A1: SALES PERFORMANCE DASHBOARD
B4: TOTAL SALES | E4: TOTAL QUANTITY | H4: PROFIT | K4: ORDERS | N4: MARGIN
B5: =pivot!O4 -> 467030 | E5: =pivot!P4 -> 174 | H5: =pivot!Q4 -> 87690 | K5: =pivot!R4 -> 50 | N5: =pivot!S4 -> 0.18776096

Sheet pivot
A3: Row Labels | B3: Sum of Sales | E3: Row Labels | F3: Sum of Sales | H3: Row Labels | I3: Sum of Sales | L3: Row Labels | M3: Sum of Quantity | O3: Sum of Sales | P3: Sum of Quantity | Q3: Sum of Profit | R3: Count of Order ID
A4: Jan | B4: 77700 | E4: Furniture | F4: 247300 | H4: Andhra Pradesh | I4: 29900 | L4: Furniture | M4: 22 | O4: 467030 | P4: 174 | Q4: 87690 | R4: 50 | S4: =Q4/O4 -> 0.18776096
A5: Feb | B5: 246450 | E5: Office Supplies | F5: 16530 | H5: Assam | I5: 96000 | L5: Office Supplies | M5: 119
A6: Mar | B6: 142880 | E6: Technology | F6: 203200 | H6: Bihar | I6: 28500 | L6: Technology | M6: 33
A7: Grand Total | B7: 467030 | E7: Grand Total | F7: 467030 | H7: Chandigarh | I7: 12000 | L7: Grand Total | M7: 174
H8: Delhi | I8: 3700
H9: Goa | I9: 7650
H10: Gujarat | I10: 10500
H11: Haryana | I11: 11200
H12: Himachal Pradesh | I12: 17500
H13: Jharkhand | I13: 31400
H14: Karnataka | I14: 15450
A15: Row Labels | B15: Sum of Profit | E15: Row Labels | F15: Sum of Sales | H15: Kerala | I15: 47200
A16: East | B16: 29920 | E16: Acer Laptop | F16: 48000 | H16: Maharashtra | I16: 20850
A17: North | B17: 15590 | E17: Dell Monitor | F17: 17500 | H17: Odisha | I17: 4400
A18: South | B18: 30470 | E18: Dining Table | F18: 18000 | H18: Punjab | I18: 11000
A19: West | B19: 11710 | E19: Fabric Sofa | F19: 30000 | H19: Rajasthan | I19: 19700
A20: Grand Total | B20: 87690 | E20: Lenovo Tablet | F20: 22000 | H20: Tamil Nadu | I20: 59980
E21: Queen Bed | F21: 28000 | H21: Telangana | I21: 6150
E22: Recliner Sofa | F22: 45000 | H22: Tripura | I22: 750
E23: Samsung Tablet | F23: 26000 | H23: Uttar Pradesh | I23: 17700
E24: Single Bed | F24: 17000 | H24: Uttarakhand | I24: 9500
E25: Steel Cupboard | F25: 21000 | H25: West Bengal | I25: 6000
E26: Grand Total | F26: 272500 | H26: Grand Total | I26: 467030
